cve_id,cwe_id,score,severity,project,language,sha,year
,CWE-77,,,pfsense,php,002bc4ab3268e6e5cb3a01ce73a4c1624d09050a,2010
,CWE-79,,,server,php,0074062b5329c3d43679909fddce2d70608a4475,2012
,CWE-384,,,server,php,0241ddc759f7e2d2695c4626df5d2ac27b8b1d90,2014
CVE-2014-1608,CWE-89,7.5,HIGH,mantisbt,php,00b4c17088fa56594d85fe46b6c6057bb3421102,2014
,CWE-79,,,dokuwiki,php,02b0b681935185a1c4d2d64e76fe499f3d438d12,2006
CVE-2012-3371,CWE-20,3.5,LOW,nova,py,034762e8060dcf0a11cb039b9d426b0d0bb1801d,2012
,CWE-624,,,php-src,c,03964892c054d0c736414c10b3edc7a40318b975,2015
,CWE-664,,,realm-cocoa,mm,04ca766cbbdec1ba417f90f038c9376170edbc12,2015
,CWE-98,,,ICEcoder,php,05de070294681745bdc5c54b336dd48083feb59e,2014
CVE-2012-2098,CWE-310,5.0,MEDIUM,commons-compress,java,0600296ab8f8a0bbdfedd483f51b38005eb8e34e,2012
CVE-2012-2660,CWE-264,6.4,MEDIUM,rails,rb,060c91cd59ab86583a8f2f52142960d3433f62f5,2012
,CWE-668,,,MISP,php,0614db919e0cb0f463354aedb4bd20f1a8d4cf0b,2013
,CWE-664,,,RetroArch,c,062433491fb6d7f90e4eba03a3d8d943dd59de70,2017
,CWE-384,,,core,php,068688063eb660d35ee0dca8d3ceb53d2f243bbe,2013
,CWE-89,,,MISP,php,0687d3f6f48247fbcb510c26e0966864a8fa9081,2012
,CWE-89,,,joomla-cms,php,072e9bf0f2266885f40eb23d54da636280b9b088,2007
,CWE-668,,,cakephp,php,076b6f998c42613dd64206c0a1d0d4a6e2055efb,2014
,CWE-22,,,ICEcoder,php,078068e2527747f5688997d5dc1293213de65bd1,2014
,,,,pycrypto,py,0782d68840d0ebf850516e606e398b8a5396eb64,2013
,CWE-401,,,curl,c,0796a993171f627d546c42a8fb28e906528cc688,2016
CVE-2016-4542,CWE-119,7.5,HIGH,php-src,c,082aecfc3a753ad03be82cf14f03ac065723ec92,2016
,CWE-208,,,pyramid,py,082d3b2cb9127f8acfd4d081e69c427a37bae91d,2016
,CWE-401,,,php-src,c,08b72ac9f12890793bc67446e4999892607bbf7b,2013
,CWE-74,,,pfsense,php,08cf5428d6fa7d080869574cee0f22e669b8db03,2008
CVE-2014-0081,CWE-79,4.3,MEDIUM,rails,rb,08d0a11a3f62718d601d39e617c834759cf59bbb,2014
,,,,grails-core,java,08d543b74810debda7a8adb5efed41057597ad5e,2012
,CWE-79,,,phpmyadmin,php,0933619b6b2534b221817ea3f631cb984c258d6b,2006
TNL-2248,CWE-79,,,edx-platform,py,09e1f9ed71910341b1e806466d70308162dbb832,2015
CVE-2015-0208,NVD-CWE-Other,4.3,MEDIUM,openssl,c,09f06923e636019c39c807cb59c481375e720556,2015
CVE-2011-1004,CWE-59,6.3,MEDIUM,rubinius,rb,0a0289086b6a9e5bf1ffb0c58dba3ff5a80800b9,2011
,CWE-79,,,vanilla,php,0a22506c76ac419d390d5d1bde5ec5f48b195358,2011
,CWE-89,,,postgres,java,0a73f69cb4842f46c1a080b3375b0f268ba1e5de,2003
,CWE-401,,,curl,c,0aabfd99631a292a72ca601ed0e83786ce9f0ae4,2012
CVE-2011-3358,CWE-79,4.3,MEDIUM,mantisbt,php,0a636b37d3425aea7b781e7f25eaeb164ac54a3d,2011
CVE-2011-0448,CWE-89,7.5,HIGH,rails,rb,0b58a7ff420d7ef4b643c521a62be7259dd2f5cb,2010
CVE-2013-4491,CWE-79,4.3,MEDIUM,rails,rb,0c7ac34aed1845044cd1911e5a775366d7ca41c1,2013
,CWE-402,,,uwsgi,c,0cb2e6852bcee02484dea06b2c5e9c8f6cbb3138,2013
,,,,php-src,c,0d1998e34ff487aab6451963d60697dd5b5b0115,2011
CVE-2015-3152,CWE-284,4.3,MEDIUM,php-src,c,0d2f147d80bd02d4d1ccaa0fa530d9d4846b3c75,2015
,CWE-928,,,graylog2-server,config_files,0daaecd63895bfa683656d14d8bd0c3fb42f6cfd,2011
,CWE-122,,,curl,c,0ddab51ad874b64e38e26840a916fc13f4d2ed7b,2005
,CWE-119,,,FFmpeg,c,0eaec10550bd9a0682db9f7920ed0d86f1450f4b,2002
,CWE-401,,,rubinius,c,0f37846c2e23c8453b55d0ea598d17f1cbaedc32,2007
,,,,php-src,c,0fb7618d6e74b4304d0512f5fe64770e3944dad6,2006
,CWE-352,,,MISP,php,0fff291c6758c5c36d4d600208c47268ca1a41d4,2012
CVE-2015-0206,CWE-119,5.0,MEDIUM,openssl,c,103b171d8fc282ef435f8de9afbf7782e312961f,2015
,CWE-74,,,rails,rb,10a63e2a0cbdc1e8e4d7aef87afc868bd599ca94,2010
,CWE-928,,,graylog2-server,config_files,10e459de844424e3ea289eba84f963c033f76fad,2015
CVE-2013-2061,CWE-200,2.6,LOW,openvpn,c,11d21349a4e7e38a025849479b36ace7c2eec2ee,2013
CVE-2016-5364,CWE-79,4.3,MEDIUM,mantisbt,php,11ab3d6c82a1d3a89b1024f77349fb60a83743c5,2016
CVE-2010-4180,NVD-CWE-Other,4.3,MEDIUM,nginx-releases,c,12368999b3ed45cde5e4cea8ea985d4444dcd932,2010
,CWE-401,,,curl,c,1238edaeaf947b896aafd9ddffc8430dea179c3a,2011
CVE-2014-3506,CWE-399,5.0,MEDIUM,openssl,c,1250f12613b61758675848f6600ebd914ccd7636,2014
,CWE-79,,,forkcms,php,1269fe8b3813c7b7d5552a2b88bc2e7bd4d0c1f9,2012
,CWE-119,,,curl,c,12e78a082eeb116c528572e6de51b7c4a0eb1bf1,2003
CVE-2014-9571,CWE-79,4.3,MEDIUM,mantisbt,php,132cd6d041f8ef5811e4eca8bdb516c893ebb52e,2014
,CWE-401,,,curl,c,1343756742463488c63453723b2bfe002e45c47f,2014
,CWE-208,,,pyramid,py,13906d6a2eb8c852d32752dca9e06e7d203d86d8,2011
CVE-2012-0884,CWE-310,5.0,MEDIUM,openssl,c,146b52edd122f55e2b2bfeb486dae8dbe96f739e,2012
,,,,cakephp,php,1545b730ae756c2e565083fc66624cc9fb949f35,2007
,CWE-384,,,moodle,php,16303ee90546962c473829418f4cba207c164dd6,2005
,CWE-401,,,rails,rb,16669774903dd7bfaaf1bf8f0c72e49ebaeffeeb,2005
CVE-2017-6799,CWE-79,4.3,MEDIUM,mantisbt,php,1677251434b6e8b2be8f1d4376a3e78f7be14d95,2017
,,,,cakephp,php,17e4eee73d84dbc5a65a4b9fae2adafdf6d46e45,2013
,CWE-401,,,curl,c,1813a77b024d03b59fe5b591a5c5ecced02a9e66,2014
,,,,Baikal,php,1896af0a45ef30f2a3048a5decb838c2c1da5608,2014
,CWE-401,,,curl,c,18ca0aa9842d3fb6e0740515df7b5960fab4408e,2013
CVE-2013-2174,CWE-119,6.8,MEDIUM,curl,c,192c4f788d48f82c03e9cef40013f34370e90737,2013
,CWE-401,,,cola,py,193270fa323d3c76839b751fbf664d79f0579fde,2013
,CWE-79,,,WordPress,php,19848b9d90b63469d3c70b7e79400d10795601d0,2009
CVE-2013-1445,CWE-310,4.3,MEDIUM,pycrypto,py,19dcf7b15d61b7dc1a125a367151de40df6ef175,2013
,CWE-89,,,WordPress,php,1aebecad96bf2e924f3d1970bbead03ee01eecd6,2003
,CWE-401,,,osv,c,1b880d17faf273a3a49c121a3bf65c8c0617cd1b,2014
,CWE-79,,,phpmyadmin,php,1bc04ec95038f2356ad33752090001bf1c047208,2014
MDL-9288,CWE-74,,,moodle,php,1bc6c1ed3788edfd8cc108d637f6845c6f24ac88,2007
CVE-2013-3587,CWE-200,4.3,MEDIUM,tornado,py,1c36307463b1e8affae100bf9386948e6c1b2308,2014
CVE-2015-0290,CWE-17,5.0,MEDIUM,openssl,c,1d2a18dc5a3b3363e17db5af8b6b0273856ac077,2015
,CWE-352,,,php-mpos,php,1d5e69d219144a5abaac4b56418b60b63b272d48,2014
,CWE-407,,,rubinius,cpp,1d69526c484cc9435a7198e41b8995db6c3acf1a,2012
,CWE-79,,,core,js,1d6ca084a6f5414ae3bb0753500ad386c86d087c,2012
,CWE-208,,,nova,py,1ea998649058f78f63a167dd697cf5f6732596ff,2012
,CWE-208,,,Slim,php,1ee41b74963b5ce23caae67582aceddb982b43db,2015
CVE-2016-2181,CWE-189,5.0,MEDIUM,openssl,c,1fb9fdc3027b27d8eb6a1e6a846435b070980770,2016
,,,,pfsense,inc,2003b5d8bc9c9b2b7aa72f4d3c4532c7349264cd,2010
,CWE-401,,,GPUImage,m,202ce483fcc474a60d358bd068317a415de93f86,2012
MDL-24079,CWE-89,,,moodle,php,20a79b431683fbe7c0b18e566b90c79db80b7397,2010
,CWE-89,,,joomla-cms,php,21086355e63dc0514b094275df2bb224f290120d,2007
,CWE-401,,,god,rb,210907fa9a9fdf765b7241666ac93682adc372db,2008
,CWE-79,,,core,js,211a546600de0d108d3c1b66602dec681ff18837,2012
,CWE-89,,,scalikejdbc,scala,2197ff982e507355dba55883be2195d654bfbb2d,2013
,CWE-401,,,linux,c,21c5977a836e399fc710ff2c5367845ed5c2527f,2011
,CWE-79,,,pfsense,php,21eff66f3199bb0c50c9ea5a9a473043dd4991a1,2007
,CWE-134,,,FFmpeg,c,23edd41a0d6994cb5d9983d8f035e8eef78960ad,2017
,CWE-79,,,Bonfire,php,241e32380cbdfcb35ed3796fbaa59575a25aff1a,2012
CVE-2012-3360,CWE-22,5.5,MEDIUM,nova,py,2427d4a99bed35baefd8f17ba422cb7aae8dcca7,2012
CVE-2012-3361,CWE-264,5.5,MEDIUM,nova,py,2427d4a99bed35baefd8f17ba422cb7aae8dcca7,2012
,CWE-928,,,rails,config_files,24d244c1bc1a744de599df18d74c9b343fd4c9fe,2012
,CWE-119,,,android-priority-jobqueue,java,254cd596fb0c5ab16a7259fda6a6d90ce7fb6944,2013
,,,,php-mpos,php,256b5f59c60f89be5da5d7c89e78a56d3a6876b3,2013
,CWE-79,,,osTicket,php,25ae16b169da0a58c600da19c70bd38efdde90ed,2015
,CWE-402,,,cassandra,java,260163994e4ac71fafb0578cb143ab4f0f22d6ad,2015
,CWE-416,,,php-src,c,26471eb69c3cd9e8162ff3b398d33919d9075191,2015
,,,,Bonfire,php,26d3cccc472fca71f4e945f6bc5994dc2879c520,2012
CVE-2014-9271,CWE-79,4.3,MEDIUM,mantisbt,php,26f209a2701ad31e1563723aea48e9e577ec1087,2014
,CWE-401,,,gazelle,c,278f870414aa841d2b34a6e7b4078171f3d363c1,2009
,CWE-402,,,lxc,c,2802732032aeaabe8c793ae76112d9c8ba13ee23,2013
,CWE-404,,,freebsd,c,288028aac36a694f43f44010f0f3e1656124e93b,2016
CVE-2017-3733,CWE-20,5.0,MEDIUM,openssl,c,28a31a0a10f41ef855cabab4e18c994c44225125,2017
,,,,WordPress,php,28a80ce82af438e76c4841990f98a702ace845df,2010
,CWE-79,,,edx-platform,py,2926c94330491cbaa3232b7c76d197453ffba069,2013
CVE-2008-0404,CWE-79,4.3,MEDIUM,mantisbt,php,294d34c3ad18a85e0b7ecf498d1679544e58da80,2008
,CWE-416,,,php-src,c,29a4e710de6a73341da3d268343fdfc072ba682a,2015
,CWE-119,,,graphframes,scala,29c27111a7608f42e7d0b5f8a22b1957a196d74e,2016
,,,,mantisbt,php,2a1eed9db111c0b1c8e9036ba3a2dcc21255e7fc,2010
CVE-2015-1793,CWE-254,6.4,MEDIUM,openssl,c,2aacec8f4a5ba1b365620a7b17fcce311ada93ad,2015
,CWE-89,,,scalikejdbc,scala,2ac05aaa56f6cabe51b708f9ed8cc4c52dab96ff,2013
,CWE-401,,,curl,c,2acaf3c8046ae2c340f628d1af5ecc9be105f875,2015
,CWE-119,,,AFNetworking,m,2b2558a90e7bfb2ef5169b1ca21b91851e5a5b7d,2012
,CWE-611,,,Slim,php,2be864c28f35f70d60a2e682a7ca28f31456106a,2013
,CWE-79,,,joomla-cms,php,2bee506a9105fb9c80da4c088baae2878f469f65,2007
,CWE-74,,,joomla-cms,php,2c968f0082f70e9597679a4359c5b26f391b3ac2,2006
CVE-2013-0156,CWE-20,7.5,HIGH,rails,rb,2ced6f2f8a85957b160710ae5d9fb245a6106550,2013
,CWE-401,,,cosmo,js,2cf68a08d919836b464a4fd5e23cf0e2df83cb60,2006
,CWE-79,,,rails,rb,2d02199e1581db8dc84361803950b1697f493fc0,2007
CVE-2017-7620,CWE-352,4.3,MEDIUM,mantisbt,php,2d2309a384bcd9d4b6d7d2928e8ded2c46d2d7b0,2017
,CWE-89,,,joomla-cms,php,2d9d949b4f443f85112d6431ec0d9b5c22f829f0,2007
CVE-2013-6414,CWE-20,5.0,MEDIUM,rails,rb,2e3c3a87d81e16a2fed442c1cf31360f75737a83,2013
,CWE-79,,,mantisbt,php,2e4ed26b3b6d5e478fa147c0ed706b33697f959d,2004
CVE-2013-1944,CWE-200,5.0,MEDIUM,curl,c,2eb8dcf26cb37f09cffe26909a646e702dbcab66,2013
,,,,spring-security-oauth,java,2f25d164f2c136878d23bfcc1c03a5234cbcece9,2011
,CWE-79,,,WordPress,php,2f9ab6e3337daa3e68314eb737a8e8bd964725fa,2003
,,,,nova,py,2ffcf18d00eff6fb0777769469c4aa5ac7bbb6c9,2015
CVE-2016-0754,CWE-20,5.0,MEDIUM,curl,c,3017d8a8d8849ebd4feae4f5eae037cd55736a61,2016
CVE-2014-3514,CWE-264,7.5,HIGH,rails,rb,306dc1a499908ba105e6b0fe8b8e01824c5e04d7,2014
,CWE-119,,,GPUImage,m,307c8ff843353ae4db646b4e2293ab01ba53a073,2012
,,,,realm-cocoa,mm,30be0ce78d908e5e0d99918a18ce3a554e45b5cb,2016
,,,,securedrop,py,3102925d369c5110e0c50a80684814a5efa30011,2015
CVE-2015-8213,CWE-200,5.0,MEDIUM,django,py,316bc3fc9437c5960c24baceb93c73f1939711e4,2015
CVE-2011-2938,CWE-79,4.3,MEDIUM,mantisbt,php,317f3db3a3c68775de3acf3b15f55b1e3c18f93b,2011
,CWE-79,,,vanilla,php,31484fe7a0db80b8ff8e9e46fbd8215ca20ccb79,2012
CVE-2012-5647,CWE-20,5.8,MEDIUM,origin-server,php,32564a0839b1517d762afab2013c26c0959bac00,2012
,,,,php-src,c,32c5a87a148d49450afd869f1a611bdf669e986d,2007
CVE-2012-3470,CWE-89,7.5,HIGH,Ushahidi_Web,php,3301e4886c06941b4321e147cebe8a8d36fbd7ff,2012
,CWE-402,,,mpv,c,337ad4fef400df103c8256152ca35512303fba66,2016
CVE-2014-0082,CWE-20,5.0,MEDIUM,rails,rb,33cb47ee488b2381d87f5bb36818cae5fa76c22e,2014
,CWE-79,,,spring-security-oauth,java,3425e1d534b0cdee5a3c060abcc0233fbe74d4f7,2015
,CWE-401,,,curl,c,3454319c17d817a0eba289158493d4066d57cdbb,2003
CVE-2016-5385,CWE-284,5.1,MEDIUM,composer,php,34553804132ef6291bf2aa1c794a044cc09745c6,2016
,CWE-402,,,h2o,c,34959c4b0c1af43144ea62f3a89283c523c3c1de,2016
CVE-2007-3215,NVD-CWE-Other,6.8,MEDIUM,mantisbt,php,34de876c4d7ec870f4234675b5a2bed8e71f7450,2007
,CWE-401,,,libextobjc,c,357e57fd89e727881befe718728de8962128cb6c,2010
CVE-2012-3540,CWE-20,5.8,MEDIUM,horizon,py,35eada8a27323c0f83c400177797927aba6bc99b,2012
,,,,server,php,360c22fd2821ed440089d7899d4c6680a0676410,2012
,,,,mantisbt,php,36ed5a459ab0d7757dc0160fac361485efc2d133,2002
,CWE-352,,,server,php,370123b8b0b7adc21429b991f06e2c5052a54795,2016
,CWE-79,,,phpmyadmin,php,3759bdc56de7b742b32f4d0c3f2a452b47dce191,2007
,CWE-401,,,realm-cocoa,mm,37c6d421472bb89d0711b99cabaada1e9976bb0f,2014
CVE-2016-0798,CWE-399,7.8,HIGH,openssl,c,380f18ed5f140e0ae1b68f3ab8f4f7c395658d9e,2016
,CWE-89,,,joomla-cms,php,3825fe7a80a1e16dc4085c066e93c9d295efd12a,2007
,,,,realm-cocoa,m,389737432e18d99fb40e333e80478b8efb43e40d,2016
,CWE-79,,,vanilla,php,3897b16cdb36e1c35c83cb0a4c017ced89cf6fce,2011
,,,,dokuwiki,php,395c2f0ff3e87977ea2573587a11f4ef294433f2,2014
CVE-2011-3389,CWE-20,4.3,MEDIUM,php-src,c,398c6e6d1153ca2034a152977d1700629b146e43,2012
CVE-2016-2178,CWE-200,2.1,LOW,openssl,c,399944622df7bd81af62e67ea967c470534090e2,2016
,CWE-401,,,freebsd,c,399bde7ffd971f7602a44774c88871a7414c157b,2016
,CWE-352,,,rails,rb,39ca25f5c42470b4a446fa7688bce22767d82d79,2013
,CWE-78,,,composer,php,3a03b51ae324af0c886edcc25e3313787bd3cf68,2016
,,,,pyramid,py,3a6cbcce80b5292082b2f4e2f920d2df127e2774,2012
,CWE-89,,,erpnext,py,3b2fd6e334c9b15241cab8c1ee412647206d836c,2013
,CWE-79,,,pfsense,php,3bdc7f5908ad19af2fc31b873cd07eadeb801bd5,2014
CVE-2014-1608,CWE-89,7.5,HIGH,mantisbt,php,3be86ce37bb469b211663da03f61ac2b28500d91,2014
,CWE-89,,,cakephp,php,3bf2559081c6f47542cf1ee7e52b73976de9a094,2015
,CWE-401,,,rails,rb,3c0129af6d045654284f60db26124b9324d2fa94,2005
CVE-2015-2046,CWE-79,4.3,MEDIUM,mantisbt,php,3c6f6e5605d9b3a6db6c0934da4771ff8a54f617,2015
,CWE-79,,,server,php,3ddaedee3bcc498b144d3f5df1356eccee7fbb49,2012
CVE-2011-0446,CWE-79,4.3,MEDIUM,rails,rb,3ddd7f7ec9b156e4b7de4c23d448c2db98f30504,2010
,CWE-401,,,god,rb,3e4fd2898cd4f92afeba120776dc3ba7f4a6ff0f,2009
CVE-2010-0740,CWE-20,5.0,MEDIUM,openssl,c,3e8b6485b342d70e980418bc4bb2c60148d844d8,2010
CVE-2016-2106,CWE-189,5.0,MEDIUM,openssl,c,3f3582139fbb259a1c3cbb0a25236500a409bf26,2016
,,,,php-src,c,3f7b92c06c6e4cbcd9bc949289b51756cfb658bf,2008
,CWE-79,,,moodle,php,3fe3851d57edb91865702ff7d90c1e1d3f6f2b03,2002
CVE-2014-4671,CWE-352,4.3,MEDIUM,rails,rb,4003a5bd76ece6d5273e00bf9f468fbdcf9ce1d6,2014
,CWE-260,,,Bonfire,php,401cca69ee8b7e3a7c4111869dfb7426305448b8,2014
CVE-2011-4344,CWE-79,2.6,LOW,winstone,java,410ed3001d51c689cf59085b7417466caa2ded7b,2011
CVE-2017-16355,CWE-200,1.2,LOW,passenger,h,4043718264095cde6623c2cbe8c644541036d7bf,2017
,CWE-89,,,joomla-cms,php,4057d02029a83a6e6ff372fea47a844e31d0aff6,2007
,CWE-404,,,freebsd,c,40ccde4c2ef8c5eef8c3e4415832b6c10c308301,2016
CVE-2014-0195,CWE-119,6.8,MEDIUM,openssl,c,410e444b71bca5af929fe82162cbe37e31c82083,2014
,CWE-94,,,MISP,php,415d85102d5aa5f96f4f11a17c86b59bb9cc0d56,2015
,CWE-208,,,onionshare,py,426d744d586502935935139dfeb81fb12568f4e4,2014
GRAILS-10813,CWE-79,,,grails-core,java,426fd41c3f10343506e86a85338bd3b34714b5f2,2014
MDL-24058,CWE-89,,,moodle,php,4287c1c2a043f3f0447730ced74e0ddb1b6004eb,2010
,CWE-401,,,mongo-php-driver-legacy,c,43109ef9157de31e7056ddf1dc5cbd74cc173230,2014
,,,,cakephp,php,43db90d1b9cdcac0606b038332246eb463d2b839,2007
,CWE-401,,,realm-cocoa,mm,4401ff8f740341498d211fd4f33a6d43675f0789,2014
,CWE-401,,,rubinius,cpp,448f5dc7e41b87ea3644dcdabaf2150ef2617ecd,2017
,CWE-384,,,merb-core,rb,449b212581a04c4d6fab06afa604eabb662e5cdf,2008
,CWE-915,,,vanilla,php,44de5f807dfd621e9a9f43b0bd159be532ba0b51,2013
CVE-2013-1931,CWE-79,4.3,MEDIUM,mantisbt,php,44e140e9f634266d0a2f3101a9f2809a97702138,2013
CVE-2015-5336,CWE-79,3.5,LOW,moodle,php,45ae1da26333c747c7900e284944521a519c6dd8,2015
,CWE-401,,,realm-cocoa,mm,45b8dcf36cdda8819cf0b98c233ee8d9fe7b2006,2015
CVE-2013-0197,CWE-79,4.3,MEDIUM,mantisbt,php,45f9e746fb9a42e74b668211372d9e45db3e7b6c,2013
,CWE-208,,,pycrypto,py,4669b04c6f9e4cb895abd227dffc7f6718425a70,2011
,CWE-401,,,rails,rb,4818bb36ac1a2a98bc61839ba87a654a78faadbe,2014
,,,,php-src,c,4846e56d4054fbb733ffcd2512d94434a5ae4bd9,2009
CVE-2016-6308,CWE-399,7.1,HIGH,openssl,c,48c054fec3506417b2598837b8062aae7114c200,2016
,CWE-928,,,graylog2-server,config_files,4952a08b81be428b28975523abab29cdd8a37c1b,2016
,,,,php-src,c,4a01ddfb5569da1b87dd4cac95c3f709fb607396,2013
CVE-2014-3512,CWE-119,7.5,HIGH,openssl,c,4a23b12a031860253b58d503f296377ca076427b,2014
,CWE-79,,,server,js,4a47fa255d12fc4cfcd3b675d4664398e0a72730,2012
,CWE-208,,,nova,py,4a60c6a655006b2882331844664fac5cf67c5f34,2014
,CWE-94,,,phpmyadmin,php,4ab34edba6a14dfdad988310a88e1b3770c6ab64,2016
,CWE-79,,,server,js,4bc88ef59d0f57b850c88c17469547ec66f76e79,2012
CVE-2013-1417,CWE-20,3.5,LOW,krb5,c,4c023ba43c16396f0d199e2df1cfa59b88b62acc,2013
,CWE-401,,,mongo-php-driver-legacy,c,4cca4c1910fabb8a3ceeca3895a2af405fe818bb,2012
,,,,rubinius,rb,4d1ac215d1dd0e2e3b14b0888b0772dc809bd7f1,2011
,CWE-89,,,erpnext,py,4d713ac5ba1929e8cac886365af152a54d481340,2014
,CWE-352,,,rails,rb,4e3ed5bc44f6cd20c9e353ab63fd24b92a7942be,2007
CVE-2013-6417,CWE-264,6.4,MEDIUM,rails,rb,4e9dd5378bd5bfaa095a96068c7d1b7c4f47e1b0,2013
,,,,php-src,c,4ebb4060f918cc15d2e7be7f37ae71ada92e9646,1999
,CWE-89,,,joomla-cms,php,4f455b16ea0c10d72045d0b15419a16d66046036,2007
,CWE-916,,,php-src,c,4ffedc700dffa57b72ffda663f2a015e0f658451,2011
,CWE-401,,,openssl,c,5059658219465c2e3e15f45c5ca3a0d251cd5fba,1999
,CWE-79,,,vanilla,php,50c55bed8fcca7c67f6c385d6599fd1356e68e10,2010
CVE-2012-4345,CWE-79,3.5,LOW,phpmyadmin,php,50d1a4884306ae6705f0bb665ba71da24089b6fe,2012
,CWE-79,,,core,php,5155f589fd93132fdeb39b04fc18e30a5643cbf6,2012
,CWE-352,,,mantisbt,php,517cd271cc72b5ed258dd95d70dc42f8602338d9,2010
CVE-2011-4181,CWE-20,5.0,MEDIUM,open-build-service,rb,5281e4bff9df31f1f91e22a0d1e9086b93b23d7e,2011
,CWE-352,,,Bonfire,php,52dc58de0ecc67374d112002eb31ed01cc43a11c,2013
,CWE-416,,,php-src,c,52e0c4081f8454e9086fc7d1bd1a338ac4e05868,2016
MDL-48368,CWE-79,,,moodle,php,52ecd1de0ab6fe4c8752cdd38b26b6bd3f9db95d,2014
,CWE-402,,,lxc,c,5371906219ff19886169612993efbb8e82f749a7,2013
,,,,restful-authentication,rb,53f3f3b3eda05a2d064bb424fb014f646ae72957,2008
,CWE-928,,,graylog2-server,config_files,54b6c06ecc58d44459001571a1fd258e8af6d68b,2016
CVE-2016-9283,CWE-89,5.0,MEDIUM,exponent-cms,php,559792be727f4e731bfcb3935f5beec7749e9ce9,2016
,CWE-928,,,SimianArmy,config_files,553e15873a7659a2696663f162941177f436c331,2014
,CWE-22,,,graylog2-server,java,55c17eae2e7f7ea12602c6019e18dd528b248646,2013
MDL-23590,CWE-89,,,moodle,php,5642a8e51586df7a129b14904ea4f558fd704e9d,2010
,,,,pfsense,php,57627d9f3152f6ea984d3cdff71fa6e888784701,2014
,CWE-401,,,curl,c,5796c7b1322375da0fa15620ca1a9c825df0ab01,2007
,CWE-79,,,rails,rb,586a944ddd4d03e66dea1093306147594748037a,2011
,CWE-79,,,cakephp,php,587a04ab84f2ffeb5bff7ab06a7790bc201581ed,2013
,CWE-401,,,php-src,c,5880428dac00ff9bafccb8c10c7226d6fa1dabbb,2016
,,,,mantisbt,php,58a67eef218321bed2d1584b092cce1bc73d4cc9,2009
,CWE-401,,,GPUImage,m,5a1ea832cca2f9b402444af0ed1537f3df74199a,2013
,CWE-928,,,buck,config_files,5ae0a0aabff973096fffe610862fb46fd1364c71,2016
,CWE-208,,,openssl,c,5b0b0e98cec653ae1e65e2251c3e0fc273945df5,2003
,CWE-121,,,deeplearning4j,java,5b85fe3577ca13836183057a79e02f92ec9f8d3c,2014
CVE-2014-9423,CWE-200,5.0,MEDIUM,krb5,c,5bb8a6b9c9eb8dd22bc9526751610aaa255ead9c,2014
,CWE-89,,,joomla-cms,php,5bd36db89c25d352bd58371844804712a4d90519,2007
CVE-2016-2179,CWE-399,5.0,MEDIUM,openssl,c,5cb4d6466a14665f8cd659b6dd7746183f2c60bd,2016
,,,,tornado,py,5d430b100abaae34f9241af0d21e86622715d5a7,2010
,CWE-79,,,php-mpos,php,5d8fecfd812bd74c320919b2e3dfd25421c17dc8,2014
CVE-2013-1854,CWE-20,5.0,MEDIUM,rails,rb,5dc2e3531babcbdc165884d1a47cbcd13455522d,2013
,,,,zxing,java,5dd4b663ceba69a93ed1eca21a2c0a31a10ade43,2009
,CWE-79,,,vanilla,php,5de0486df09fd610dd1e122643a3a9dd67d63e50,2010
,CWE-22,,,pfsense,php,5de32d520bc7eee5ef400951130eef8a5cec9a2f,2014
,CWE-401,,,mongo-php-driver-legacy,c,5e336f8664ea3c7e5f934ddfa49a7c65ec695bed,2013
,CWE-208,,,rails,rb,5e6dab8b34152bc48c89032d20e5bda1511e28fb,2009
,CWE-401,,,rails,rb,5ede4ce188d29aef94af78f27d89169ac4ee54cd,2008
,CWE-79,,,forkcms,php,5efe4f5ce856010066dba721440c008b3c3d3c4e,2017
CVE-2017-14696,CWE-20,5.0,MEDIUM,salt,py,5f8b5e1a0f23fe0f2be5b3c3e04199b57a53db5b,2017
CVE-2014-8554,CWE-89,7.5,HIGH,mantisbt,php,5faf97abd7c1a1037ff63b8bd1d8df94c71b59cb,2014
,CWE-79,,,mantisbt,php,603687bdd7ef0ff55761ef888a0433fbdadfc2eb,2005
,CWE-119,,,rubinius,h,60381aa5b8b20d4189e67a3dffca5340b992fed1,2008
,CWE-401,,,io,c,604a92a52d1f1b7fae73b5a81320303ea0939e14,2009
,CWE-352,,,rails,rb,605aadb3cdba9f469e88c39c0cad7448d59a9f0c,2007
,CWE-134,,,FFmpeg,c,6095388812ce1b2a95e9917b89e5857639208f88,2013
,CWE-89,,,joomla-cms,php,60ab157a9e829460d77d73c03784960e351db09c,2007
,CWE-916,,,graylog2-server,js,60ce52a866d0f35d9afb152a6e7c72be3a3f624c,2016
,CWE-79,,,mantisbt,php,610e89b9985bb4f80555ad8835e842becfb274ea,2016
,CWE-79,,,MISP,php,611317cf81ef5503f7a8d5eebd84bbb5cde09e61,2016
CVE-2016-10045,CWE-77,7.5,HIGH,moodle,php,61367eb63944d45a985b6cc4950661fd342773a6,2017
CVE-2016-9242,CWE-89,6.5,MEDIUM,exponent-cms,php,6172f67620ac13fc2f4e9d650c61937d48e9ecb9,2016
,CWE-134,,,php-src,c,617698dfe0f22bfa6041e6f0728136002d30d2bc,2015
,CWE-401,,,php-src,c,61c7a06e7c19d9b408db1129efa0959a0acbf0b1,2016
CVE-2015-1794,CWE-189,5.0,MEDIUM,openssl,c,61e72d761c945e128ca13599a98a187ac23650dd,2015
CVE-2014-0080,CWE-89,6.8,MEDIUM,rails,rb,6256b1de9a2d968b0d123ad6a09b33de01019ae6,2014
,CWE-89,,,erpnext,py,62c7deee00a8a61942c1434164a4597ce52e7594,2017
,CWE-401,,,GPUImage,m,62d2a9f25d30d3dadac0d69a0e92eab8517c382a,2013
,CWE-352,,,dokuwiki,php,634d7150e59d03e4a4987164bfe9948fb8828c70,2007
,CWE-352,,,php-mpos,php,63c3b96a2940a350abd58491a72629b37059479f,2014
FLINK-4669,CWE-404,,,flink,java,649f9578bce56e118ec973218271262286c534a9,2016
,,,,android-priority-jobqueue,java,64facaf74486b40952a6b55b9c83262883aecefd,2013
,CWE-402,,,FreeRDP,c,657e6c6a55ffeec9a32d3dcff6add7cca5870398,2012
,,,,framework,php,65d9a061d9209694e8addd9c6ce94dcf5bfe7180,2013
,CWE-79,,,dokuwiki,php,66b23ce9f134c838f393fa452c450f8b6fc147c3,2009
CVE-2014-9272,CWE-79,4.3,MEDIUM,mantisbt,php,66c142dc3b652cdb07d61f2edbf3a798234ef48a,2014
,CWE-384,,,rails,rb,66dee26930048a0134f339d20d237a32ced2770d,2011
,CWE-22,,,ICEcoder,php,670e3c47a6f952b7f106adf10d7fa965e3bc25f5,2014
CVE-2016-2513,CWE-200,2.6,LOW,django,py,67b46ba7016da2d259c1ecc7d666d11f5e1cfaab,2016
,CWE-401,,,rails,rb,67d8bb963d5d51fc644d6b1ca20164efb4cee6d7,2013
,CWE-89,,,joomla-cms,php,686b5fa4e8954be61e547b93b56be586ef1a1303,2007
,CWE-401,,,curl,c,686d767053e413feacb95fb7ddd9b3883984a3cb,2005
,,,,server,php,68d55648d5904a86d21fb5258684687a31929011,2013
,,,,core,php,68d55648d5904a86d21fb5258684687a31929011,2013
,CWE-401,,,rails,rb,68e4442ec720ca6730959681951f5862f97b5772,2012
,,,,WiFi-Pumpkin,py,68ed8f58c0a02e2048c27284bbe972e04998a562,2016
,,,,php-src,c,6912dab9ebf0107f3da0b74ef899c536091ece84,2006
,CWE-402,,,HandBrake,c,69231c990576f34c14054a6f81b09b5a445d1b47,2017
,CWE-22,,,cakephp,php,69e5226fd2b3a9f6386527ef00159a03c53bbf0c,2015
,CWE-22,,,pfsense,php,69eb2e295fbbea1ff16d4b20e7e056b70469aad4,2014
,,,,rails,rb,69fc0e1b5e6a3227576d67587c386142ef65854e,2014
,CWE-401,,,rubinius,cpp,6a23ed5d8b1fc7a81769fb502e98625a62e67cca,2013
,CWE-401,,,rails,rb,6a519401176126cd808aa5e3562a21f34a64de65,2005
,,,,edx-platform,py,6a850e27bb97b30447fd46ccfb277367c2ed13c1,2013
GRAILS-9052,CWE-79,,,grails-core,groovy,6bc7dd8803c00af64cb146073588ce1bc8bb2e0a,2012
CVE-2013-0156,CWE-20,7.5,HIGH,graylog2-server,config_files,6bd76c3e4e0609f7447ba6547a591a1d247dfe51,2013
,CWE-352,,,server,php,6bdefef31e87f6c1be2ed7693fd2f6d203e32462,2012
,,,,zxing,java,6c5b6849b7f60dd80a93031cfc39808dfac5b84f,2008
,CWE-611,,,cakephp,php,6c905411bac66caad5e220a70e3d561b8a648507,2012
,,,,Codiad,php,6e2ff815f1a6267fb33ee69f6bfe6dc24adfc3b9,2017
,,,,SDWebImage,m,6e4fbafa554244c2561cf2cb07c5bda1d4e39210,2014
,,,,rails,rb,6e655732226eef6fa04d8fc0c4ee1f0436688c49,2010
,,,,php-src,c,6ecd417b34bd5b957e0f9b76610f94421f38d955,1999
,CWE-401,,,AFNetworking,m,6f63157e33149226bfc2f014748cb5ef5c9a3a9b,2012
,CWE-89,,,joomla-cms,php,6ff55050d016abc1fdc31d4975070fa1c4e6287e,2007
,,,,rails,rb,70117b02949ccd724735aec8f4f19db4171e9e05,2007
,,,,HandBrake,c,701d4a8d3ed08e94c04cc02cf4c4d0afdc87eafe,2016
,,,,osv,cc,703bf08d72ef617b212632e038a93be0d00e879f,2015
CVE-2016-6837,CWE-79,4.3,MEDIUM,mantisbt,php,7086c2d8b4b20ac14013b36761ac04f0abf21a4e,2016
,CWE-89,,,osTicket,php,70aca8937767bd2c0e99f76f8ec94910c7d38df8,2012
,CWE-79,,,mantisbt,php,70b5022f556c9b9b6b0cd661e3357767a3b178c5,2009
CVE-2016-5026,CWE-284,2.1,LOW,onionshare,py,70c55511b13ae04b2108b8cb23177bac04542d1b,2016
MDL-11300,CWE-89,,,moodle,php,70e9b59d228face74faea3f9440a48a4092c76bc,2007
MDL-11300,CWE-352,,,moodle,php,70e9b59d228face74faea3f9440a48a4092c76bc,2007
CVE-2013-4073,CWE-310,6.8,MEDIUM,rubinius,rb,71307c31cc443b87ce941d92314920acc179ece1,2013
,CWE-22,,,pfsense,php,7145cd87d1f6c67c900f6966df5f2d0ace50e109,2014
,CWE-89,,,joomla-cms,php,717946c6e2cb539e03c5eb61795ff7df7dc402de,2007
,CWE-401,,,realm-cocoa,mm,71c22186fa7ef3626a26201c134ef2cef8a53189,2014
,CWE-476,,,linux,c,72159bb6a0471281d6bac3bef0168953952ab254,2016
CVE-2011-3346,CWE-119,4.0,MEDIUM,qemu,c,7285477ab11831b1cf56e45878a89170dd06d9b9,2011
,CWE-121,,,deeplearning4j,java,72b70da28e19c1571334e0fd23b2a58cd9441461,2014
,CWE-401,,,rubinius,cpp,738badb0f75a466d2d7a3af11c9fd903c156fd59,2013
,CWE-119,,,FFmpeg,c,747a67fbab8ff74e4281ecbc947910fba13fd65d,2002
,CWE-352,,,core,php,74b5e22a684c3095dbd48b56da1a10d955c20305,2012
,CWE-79,,,pinpoint,java,75232af9b4dd32caf24b126f5152fd5f11675ea6,2016
,CWE-79,,,Codiad,php,7535bd5c2ec6a485b545c2a518d61099ef160f6e,2013
,,,,WordPress,php,757d3ba8ae2d8c10d90857f372ea22d6f914d3a8,2010
,CWE-611,,,grails-core,java,757fa246e8047e1f1657bc7b4e1a662a028d8156,2015
,CWE-401,,,libextobjc,c,75848c6b4d2443d4a3e873eefeae1f87afeb7ed1,2010
,,,,php-src,c,758af77e9d1c3c6e5aea365bc0d35c385278ad5a,2016
CVE-2012-0036,CWE-89,7.5,HIGH,curl,c,75ca568fa1c19de4c5358fed246686de8467c238,2011
,,,,rails,rb,75dcdbc84e53cd824c4f1c3e4cb82c40f27010c8,2013
CVE-2011-2202,CWE-264,6.4,MEDIUM,php-src,c,75fa63b57fc8df45e3b7b4ae5a1e50a169b171cd,2011
,,,,php-src,c,7667ca40b02b24c8f7950049dfd17e91e9d1b281,2007
,CWE-401,,,curl,c,768151449b386488ac8fe869f48bf2930123d601,2014
,CWE-79,,,forkcms,php,772e1b5fd20df0f710d7151a62f40235252171d0,2017
,CWE-401,,,realm-cocoa,m,77329db68ebd778e4f9eb63de47879f63ac118b0,2014
,,,,MISP,php,77c9ce3b73ff8908de33c9b5b2695cc8d89e26ea,2016
CVE-2016-5400,CWE-119,4.9,MEDIUM,linux,c,785ef73dba6e9fefd2e5dd24546e0efa8698e5cd,2016
,CWE-918,,,core,php,78cad94ff4676ef401d2a75c8448f3726deefd18,2015
,CWE-352,,,rails,rb,79d50ce3104d2ff4a3964b12139120b85dce35e7,2014
,CWE-79,,,vanilla,php,7acbe344c0c98ad56b0ed770649c0a69f9e98b83,2013
,,,,grails-core,java,7c459eb23c8552fd9cbb975f1b77b998adcb4eb3,2013
,CWE-119,,,php-src,c,7c7b387cc323bc372fe15f62fb1efdfb705e02a3,2008
CVE-2011-2938,CWE-79,4.3,MEDIUM,mantisbt,php,7c8a564c5b0d29cf2345adb0593477069466b10b,2011
,,,,server,php,7cb0df28e2d99237c92922d9bf2fd203f0f1d8c0,2016
,CWE-89,,,joomla-cms,php,7cbfe86124328ca8209f92b52f3bdcb418355f7c,2007
CVE-2014-9573,CWE-89,6.0,MEDIUM,mantisbt,php,7cc4539fca65a61c48a40e31787e7d4751a7f9bd,2014
CVE-2014-8598,CWE-19,6.4,MEDIUM,mantisbt,php,7d3dd4305a7ec19b351e6e63e823cffa17d40d9a,2014
CVE-2014-1609,CWE-89,7.5,HIGH,mantisbt,php,7d76827617e97d7356e7eb4f2f66736e4c4d41b0,2014
CVE-2014-1609,CWE-89,7.5,HIGH,mantisbt,php,7efe0175f0853e18ebfacedfd2374c4179028b3f,2014
CVE-2014-3483,CWE-89,7.5,HIGH,rails,rb,7df68a300c9395e3edf8c603b6fea3db9eaff003,2014
,CWE-89,,,osTicket,php,7e7c4cf0a7daff517f37432fc9de4df34981ce16,2014
,CWE-208,,,pycrypto,c,80252248ab1ac8599b946e026dd8895146977903,2011
CVE-2015-4642,CWE-78,10.0,HIGH,php-src,c,80367584910885baa1a2a4476a4a31efdcf0c9c0,2015
,CWE-79,,,mantisbt,php,806582eb4ded03716c333b05d8cc6b4448f2fc5c,2010
CVE-2014-5139,NVD-CWE-Other,4.3,MEDIUM,openssl,c,80bd7b41b30af6ee96f519e629463583318de3b0,2014
CVE-2012-3501,CWE-119,5.0,MEDIUM,squidclamav,c,80f74451f628264d1d9a1f1c0bbcebc932ba5e00,2012
,,,,cakephp,php,813a3af19c8918b00ca1067a2c78886fa3bcd9bb,2010
,,,,WordPress,php,814865ea9e7db4d5e18fcadc1fa3f43a673f8559,2015
,,,,joomla-cms,php,8173c65e792b8fba65f88032d10da7a2f7cd5bd4,2005
,,,,cakephp,php,819cd1d667090c5b0cee9fc525dd312fe647c978,2008
CVE-2010-3842,CWE-22,5.8,MEDIUM,curl,c,81f151c912105ded480c3c88a1be53ca345298a1,2010
,,,,server,php,8313a3fcb3b24bf9e36f48581f64336623ae1ead,2015
,,,,core,php,8313a3fcb3b24bf9e36f48581f64336623ae1ead,2015
,CWE-401,,,libextobjc,m,83950e5aaf16f6bbb4b7137e592088a0abd1cfff,2011
,CWE-401,,,god,rb,83968f49057fe79dbd365734bfa2ab3df1778c8a,2009
,,,,securedrop,py,8513cba313aa9613bd0128e4d494aca32e1a2b88,2014
,CWE-664,,,php-src,c,85e985f191c228cb6b119ebe223d682c9166fdc2,2016
CVE-2010-1155,CWE-20,6.8,MEDIUM,irssi-proxy,c,85bbc05b21678e80423815d2ef1dfe26208491ab,2010
,,,,google-authenticator,c,86af4c32a2940b13397cac52eee435e6acedb8a5,2014
,,,,joomla-cms,php,874b6955faeb6a136a63b20f749ceb1c103a3933,2013
,CWE-352,,,php-mpos,php,8756036646952355091faec922b40e54b6657996,2014
,CWE-402,,,buck,java,88f01ba38d2e706cd0b98ae984e9d3eba6888055,2015
,CWE-404,,,freebsd,c,899dc2f69f641e9dece346d05f218862dfb4795d,2016
,CWE-89,,,rails,rb,8a39f411dc3c806422785b1f4d5c7c9d58e4bf85,2011
,CWE-352,,,server,php,8a7d450fb5c80477e4414cfdf86b4737905cb8f3,2016
CVE-2013-1855,CWE-79,4.3,MEDIUM,rails,rb,8be6913990c30f63618173da722148892348dcc9,2013
CVE-2013-7016,CWE-119,6.8,MEDIUM,FFmpeg,c,8bb11c3ca77b52e05a9ed1496a65f8a76e6e2d8f,2013
,CWE-134,,,php-src,c,8d816ed0efe644fb19845424071253036e9b0f09,2011
CVE-2013-1416,CWE-119,4.0,MEDIUM,krb5,c,8ee70ec63931d1e38567905387ab9b1d45734d81,2013
,,,,MISP,php,8e75f0826f6ebad2cb69eaceb437a6b3a0ef359a,2013
,CWE-384,,,ICEcoder,php,8f1cca087bef95c873e9cf2fd7c4798c185f4c51,2015
,CWE-79,,,graylog2-server,js,8fc8dc4e2f3a6b499a1c18051628268a606d7f07,2015
,CWE-78,,,dokuwiki,php,8fcc3410e3603bb823483a739753a3c4a12e6d7c,2006
,CWE-352,,,vanilla,php,9049a17454628c07221675128c4a662a58819272,2014
,CWE-352,,,tornado,py,90b8078739c8166d26de723178fb2151043e8218,2011
CVE-2017-15367,CWE-89,7.5,HIGH,bacula-web,php,90d4c44a0dd0d65c6fb3ab2417b83d700c8413ae,2017
,CWE-928,,,forkcms,config_files,92cbaaf136242a4cdf613a980ff12e35f25d8781,2015
,CWE-22,,,cakephp,php,92e3e09fdc218ebf8eb50e896dcb1728d02eadfc,2015
,,,,osv,cc,92ff9880e07c7669c56912dc2d16378b7bcb6476,2013
CVE-2012-2661,CWE-89,5.0,MEDIUM,rails,rb,9340f89849606dba02f44038171f3837f883fd4e,2012
,,,,edx-platform,py,935d5dee34563def3ce870ce849e1b2dc2c9f833,2014
,CWE-79,,,dokuwiki,php,93c020ac9b91843bbf74ce62f6f4712e31435fe1,2006
,CWE-208,,,pycrypto,py,947b554d85012cf35185ded38ef3484de010d2cf,2014
,,,,framework,php,953d0a8ba9827aee870f00afb3ca38721dea239c,2016
,CWE-79,,,forkcms,php,95446d29a7cb1240d804fd8c2ad6184fc4c9649d,2011
CVE-2010-3698,CWE-399,4.6,MEDIUM,linux,c,9581d442b9058d3699b4be568b6e5eae38a41493,2010
,CWE-352,,,graylog2-server,js,9590a4cbb53871812cd510b83206707d54126cc6,2011
,CWE-79,,Critical,WordPress,php,95df22248db483fbf80acbb9333a2c2dd4658fbb,2007
CVE-2014-3538,CWE-399,5.0,MEDIUM,php-src,c,9603f16f995154a858d7e0b31eff3a9b79f88ff7,2015
,CWE-79,,,vanilla,js,964a3fcf6efa645188d1fb0bc3f5a3198a8bdbae,2011
,CWE-384,,,framework,php,9664db9351090271b20d2162c106c566be17cdba,2013
CVE-2011-3389,CWE-20,4.3,MEDIUM,php-src,c,96aa2eb2340c1d4131fbcc508f734ec7c807ff25,2011
,,,,cakephp,php,974ac44fb43a7ecba9f14d16a0c7e39530f14e88,2013
CVE-2010-4349,CWE-200,5.0,MEDIUM,mantisbt,php,974e6da4a2f07c408b1683acae774f438b5a2f11,2010
CVE-2010-4350,CWE-22,5.1,MEDIUM,mantisbt,php,974e6da4a2f07c408b1683acae774f438b5a2f11,2010
CVE-2010-4348,CWE-79,4.3,MEDIUM,mantisbt,php,974e6da4a2f07c408b1683acae774f438b5a2f11,2010
,CWE-404,,,linux,c,983d9e065b37dac5aaa2d5a819bdd5b5a0b78c8c,2016
,,,,dokuwiki,php,98ca30d292f2cc203a5251719e06d1a9f2bdf4b4,2016
,CWE-79,,,mantisbt,php,98f63cf5d7f136cedf6791606d4dfe7d1989f113,2009
,CWE-208,,,openssl,c,992bdde62d2eea57bb85935a0c1a0ef0ca59b3da,2011
,CWE-79,,,forkcms,php,995220182068518e89019a265d113518f6566407,2012
,CWE-208,,,core,php,99cd922b82ca7684967ec3533fcdd5af32c0edc7,2012
,CWE-89,,,rails,rb,99e9faeda8f039d34e9eeab319e8adc13cb9bc86,2006
,CWE-401,,,rails,rb,9a385394acd6599ff588daad491e9e07ee716091,2011
,CWE-401,,,linux,c,9ab6e6e7db3027728067a827b2366b2aca4f519d,2014
,CWE-79,,,phpmyadmin,php,9b2479b7216dd91a6cc2f231c0fd6b85d457f6e2,2014
,CWE-22,,,php-src,c,9c805a6cb31596c41609512bdd8a9a76c9ce9b15,2015
CVE-2016-0799,CWE-119,10.0,HIGH,openssl,c,9cb177301fdab492e4cfef376b28339afe3ef663,2016
,,,,realm-cocoa,m,9d3890e96f0ebbd358f5f2d5ee619dea7f8e7310,2015
,CWE-918,,,vanilla,php,9d3d1eb813b3f43703222e09b82df7d5376fc7e5,2015
,CWE-401,,,rubinius,cpp,9d562557cb279370c85752b7811be1d5dd012647,2013
,CWE-89,,,joomla-cms,php,9d8d07c9348a76b5c1ca579f54a0f2096df86793,2007
,CWE-79,,,MISP,ctp,9eb5b7ffb7a5fc8f8fe8c0fe40f070dd92d05b6f,2014
,CWE-401,,,libextobjc,h,9ebea0bd45cb57c2f282b3773237622f9eb43ede,2010
,CWE-401,,,rails,rb,9f69ff12d44c4d1e475fd6efede120ccedba3b3e,2008
,CWE-79,,,cakephp,php,a08c09ab17e5b3e76eeee753917662a3e3691830,2010
,CWE-134,,,FFmpeg,c,a0bafaabb0656ca3bb3591beba0de79f6153fdac,2011
,CWE-208,,,onionshare,py,a12dd0c4a978bf97b307c2eafe4b7d02f538b53c,2014
,CWE-89,,,searchable,php,a1956ee23edc8a041667909b7cf8923696d1c3d1,2014
CVE-2017-7897,CWE-79,4.3,MEDIUM,mantisbt,php,a1c719313d61b07bbe8700005807b8195fdc32f1,2017
CVE-2017-16510,CWE-89,7.5,HIGH,WordPress,php,a2693fd8602e3263b5925b9d799ddd577202167d,2017
,CWE-79,,,mantisbt,php,a2ae23486eecc690325c8f3b0e76e3118286cf58,2009
CVE-2017-6797,CWE-79,4.3,MEDIUM,mantisbt,php,a2d90ecabf3bcf3aa22ed9dbbecfd3d37902956f,2017
,CWE-401,,,cocos2d-objc,h,a3002d3d416524c53da6534a819a41db8c952e9d,2009
,,,,phpmyadmin,php,a4e8d008f407d92c7177bca799c54525ba9032ad,2014
CVE-2008-0166,CWE-310,7.8,HIGH,pycrypto,py,a515b7a4a417e82c7822edb2afe63dd896f3db1e,2008
CVE-2015-5522,CWE-119,6.8,MEDIUM,php-src,c,a552ac5bd589035b66c899b74511b29a3d1a4718,2016
,CWE-401,,,GPUImage,m,a660bfd0d760e431b780badd4cb0837fe42dbb8c,2013
,CWE-89,,,postgres,java,a7a012d1677cc81e32c2dfda1aa9ec083fe6a295,2003
,CWE-644,,,joomla-cms,php,a7adeac42a4018587f7550d61ac2580196fb3ca0,2007
,,,,graylog2-server,java,a81c7dad4a90d047749a1d1e3e27a87716cad2e2,2014
,CWE-79,,Normal,WordPress,php,a858edf40516bc1f66196ac5507b4116985e8342,2009
,,,,core,php,a862fec9a329c449b808e8d888764cbc9cc0bc19,2011
,,,,gitbucket,scala,a889ed7c46b2cc420aa104fac81ed603bba9b14d,2015
,,,,Codiad,php,a88b18027568d9c6539ab91932da84a45cd44e6b,2013
CVE-2014-0224,CWE-310,5.8,MEDIUM,openssl,c,a91be10833e61bcdc9002de28489405101c52650,2014
,CWE-401,,,curl,c,a9beeeeeeac018157412e4510342554a48df54f4,2014
,CWE-401,,,curl,c,a9cd4f4ed49e1a0b79f8fc6a0cb129331fa04f23,2011
,CWE-79,,,forkcms,php,a9d22fb220777aa4890b2901f39e1c56b39b43ec,2017
,CWE-20,,,pfsense,inc,ab17ed4e70cc8cd8337846525a3694d81fffff32,2013
,CWE-22,,,cakephp,php,abf1c69babdc6bb071bf4f6a26f60f091fa63283,2015
,CWE-79,,,mantisbt,php,ac3fe2f105edd4b5c6b466d34b8694efac026131,2006
CVE-2016-10074,CWE-77,7.5,HIGH,forkcms,config_files,acd6e0d9a3f8cb67da3cf5b8cc82c5f7afec1cfd,2017
,CWE-89,,,postgres,java,acf09c64b0264715a4e29d3e04b5ca274350765a,2003
,CWE-401,,,curl,c,acfa131c8cc94930064c23561892a83295aaffd3,2003
,CWE-928,,,graylog2-server,config_files,acfb10054b70a57664a632b84230d81ef22a80a3,2013
CVE-2011-0447,CWE-352,6.8,MEDIUM,rails,rb,ae19e4141f27f80013c11e8b1da68e5c52c779ea,2011
,CWE-401,,,curl,c,ae4558dbb479f09ea01164b1a0d4ac54ec88b29c,2013
,CWE-22,,,phpmyadmin,php,ae67d35cdc00eee733c278c91ab547db5d47a217,2013
,CWE-94,,,Slim,php,ae7c4815929af0baa0abdc6f81e0dc73f1ff785e,2013
,CWE-352,,,MISP,php,afdcc1af0c39c00d60e65c043c8216fb05b243fd,2015
,CWE-401,,,mongo-php-driver-legacy,c,affdd497be96f842d55d282e1b7a17ea9458113f,2011
,CWE-401,,,curl,c,affed6725ee58aa4dadb227d8033cc3a1dffa7e1,2011
CVE-2014-9089,CWE-89,7.5,HIGH,mantisbt,php,b0021673ab23249244119bde3c7fcecd4daa4e7f,2014
MDL-50784,CWE-352,,,moodle,js,b0a583932a735bc6a205d0c203a94b6fdd94995c,2015
CVE-2016-0701,CWE-200,2.6,LOW,openssl,c,b128abc3437600c3143cb2145185ab87ba3156a2,2016
,CWE-402,,,lxml,py,b14f67842b88f2fcecb24166f1ffb7de156066b1,2010
CVE-2016-3074,CWE-189,7.5,HIGH,php-src,c,b15f0ecc0f34364fd7ce924b4164be4e8198ff93,2016
CVE-2009-3009,CWE-79,4.3,MEDIUM,rails,rb,b16e0c922344da256ab977fd5e7a7f69e0be90fc,2009
,CWE-401,,,rails,rb,b29e89368841869c92d706addddd09f436a3ea2f,2010
GRAILS-7170,CWE-79,,Alta,grails-core,groovy,b2e1ca445f26a2a6a58a284b4089ffd1e65ddaf6,2013
CVE-2013-6415,CWE-79,4.3,MEDIUM,rails,rb,b31a7a6f1ec3c74f75b4cd12386b08295287418d,2013
CVE-2012-1108,CWE-20,4.3,MEDIUM,taglib,cpp,b3646a07348ffa276ea41a9dae03ddc63ea6c532,2012
,CWE-74,,,nova,py,b5f8ab0e913c121a80ff0efe358960099e7c87f8,2011
,CWE-402,,,neo4j,java,b60a4547effa4c77f183bb10cc7c68dee8464f1b,2013
CVE-2012-1915,CWE-79,4.3,MEDIUM,Bonfire,php,b60ea88257c58d23c97ac95a4291dbd22d4c54f9,2012
CVE-2014-8987,CWE-79,3.5,LOW,mantisbt,php,b649c9c91b856ef062f71ac6df16f0426238c182,2015
,CWE-352,,,pfsense,php,b71f0cbb059eacb260f71ce671bd7b4dbae39c5e,2012
,CWE-79,,,vanilla,php,b79151d1a1a713ff39355ed0dd10319bc615116a,2011
,CWE-407,,,linux,c,b79a79471bd31d737c939a6ddc347417047b4320,2009
CVE-2006-4339,CWE-310,4.3,MEDIUM,openssl,c,b79aa05e3babdbab92c6356f6e51f7bb43c41576,2006
,,,,WordPress,php,b7ede43c4f69b29cccfae79abda19d3c575034c9,2014
,CWE-208,,,pyramid,py,b809c72a6fc6d286373dea1fcfe6f674efea24a5,2015
,CWE-384,,,core,php,b86f2069ff1f434373c0babe0c28db5ee431498e,2012
CVE-2016-6305,CWE-20,5.0,MEDIUM,openssl,c,b8d243956296458d1782af0d6e7ecfe6deae038a,2016
,,,,RetroArch,c,b91527749e93aa70d51a727219e44e79fa8cc4dc,2013
CVE-2011-0449,CWE-264,7.5,HIGH,rails,rb,b93c590297ba65a6c5b18655a7790163abcb06f1,2010
,CWE-119,,,google-authenticator,c,b9ce63a46a34391cdef2ffdb24e52c35b397126e,2015
,,,,server,php,ba4f12baa02dfb55ec8822687896d643261440c4,2016
,,,,rails,rb,ba80ff74a9627f676b4c426587ce5ea487665e46,2008
,CWE-79,,,phpmyadmin,php,bbccc368173294f8d713a0f4dbfca28560811b33,2011
,CWE-416,,,php-src,c,bcd64a9bdd8afcf7f91a12e700d12d12eedc136b,2016
,,,,php-mpos,php,bd2999526edd763546e8bced5378e8b46a50ee54,2014
,CWE-79,,,vanilla,php,bd302be7d2103139a2b8db8fa5ee76a236c66fc8,2013
CVE-2014-0130,CWE-22,4.3,MEDIUM,rails,rb,bdcd5f94b2efdf661f201917d63476c245aa7c09,2014
,CWE-74,,,PHP-DI,php,be416a1a595ab435c08211646aae76ef3635631a,2014
,CWE-402,,,uwsgi,c,be6f61aa1bc30ab6c1af63915d24cc3dc91e915e,2013
CVE-2013-6416,CWE-79,4.3,MEDIUM,rails,rb,bea9c9b4c0f9bb7356ea2058118fe40495432010,2013
,CWE-79,,,pfsense,php,bef1056048aa2e0839fd5839e83da154f06c8c2c,2014
,CWE-79,,,rails,rb,bfc432574d0b141fd7fe759edfe9b6771dd306bd,2011
,CWE-401,,,barby,rb,bff5b21bc2a08300569d6b81f09c41e39297455e,2009
CVE-2009-1904,CWE-189,5.0,MEDIUM,rails,rb,c014c3e5c14beb71fa7c67f15448386d0ffaba28,2009
CVE-2017-6799,CWE-79,4.3,MEDIUM,mantisbt,php,c154fafcabdc1226ec19985c9bb42331eadcd7ac,2009
,,,,cakephp,php,c1680b2dede92d2c1baf9d9a6493c7af4dbb7bbc,2016
,CWE-79,,,grails-core,groovy,c1d13410a0a8d88841b6afcae7a7bfa0ebf5bad7,2012
CVE-2016-6307,CWE-400,4.3,MEDIUM,openssl,c,c1ef7c971d0bbf117c3c80f65b5875e2e7b024b1,2016
,CWE-401,,,AFNetworking,m,c23c37ab4ab9b2401e824df717538e37bc5c85a4,2015
CVE-2017-6797,CWE-79,4.3,MEDIUM,mantisbt,php,c272c3f65da9677e505ff692b1f1e476b3afa56e,2017
,CWE-89,,,joomla-cms,php,c277c23c617d5a9eddd2a45b7a438460d5fc6f15,2007
,CWE-401,,,curl,c,c2a809cd265c37e7bbef55e64d70114d2f0d7189,2016
CVE-2012-2333,CWE-189,6.8,MEDIUM,openssl,c,c46ecc3a55bcbbe4ff31da3864d015e343b0189f,2012
CVE-2017-5609,CWE-89,6.5,MEDIUM,Serendipity,php,c62d667287f2d76c81e03a740a581eb3c51249b6,2017
,CWE-401,,,curl,c,c62d7944cf75f402d45523e3e415e44e83f5d733,2016
,CWE-79,,,phpmyadmin,php,c79375598d46552fc1717f798a6560f9a1cdc102,2011
,CWE-352,,,cakephp,php,c95def9d664dc5e25d4fa9ee7d182858956326a1,2010
,,,,phpmyadmin,php,c9d93f63940fe960d3b6341d8bfb7b707c87e744,2007
,CWE-401,,,curl,c,cb64c987a062a9c16ab997415a1440182edb069a,2010
CVE-2017-3733,CWE-20,5.0,MEDIUM,openssl,c,cc22cd546bd0b0e1b55c1835403ab564d5f30581,2017
,CWE-352,,,osTicket,php,cda62e2d24ad7e4b165c88df8fcc85e1ef695ac2,2012
,CWE-78,,,webgrind,php,ce66c4408c2fe0db526b4cd915c765a009f3084f,2016
CVE-2002-2443,CWE-20,5.0,MEDIUM,krb5,c,cf1a0c411b2668c57c41e9c4efd15ba17b6b322c,2002
CVE-2014-2497,CWE-399,4.3,MEDIUM,php-src,c,cf4753691dc55999373d1c576f62ecb298723420,2014
,CWE-79,,,server,php,cfd0140e2faa250e6e90cbeb4ec2ca4dcceed2f4,2012
,CWE-79,,,core,php,cfd0140e2faa250e6e90cbeb4ec2ca4dcceed2f4,2012
,CWE-79,,,core,js,cfe219fbb9f2f734b063041ae420400044f90000,2012
,CWE-79,,,server,php,d01b78a4b486860ab7110677e9969a37ee2a832f,2012
,CWE-79,,,core,php,d01b78a4b486860ab7110677e9969a37ee2a832f,2012
CVE-2013-1445,CWE-310,4.3,MEDIUM,pycrypto,py,d044a478332682c253c379db87d444b056e4ab37,2013
CVE-2014-3507,CWE-399,5.0,MEDIUM,openssl,c,d0a4b7d1a2948fce38515b8d862f43e7ba0ebf74,2014
,CWE-79,,,PrestaShop,tpl,d10cef87f99c60f6213f336220efc49f3821bcbc,2011
,CWE-79,,,kuma,py,d186dd1e20a5d0f1b7d295d410485bcfb7807ea4,2016
,CWE-352,,,server,js,d18bd17eb7d13010e3daef5351d7f7ec64480fd7,2013
,CWE-352,,,core,js,d18bd17eb7d13010e3daef5351d7f7ec64480fd7,2013
,CWE-79,,,server,php,d19de49606d45046f9d7755b180e5850bceccd19,2013
,CWE-79,,,core,php,d19de49606d45046f9d7755b180e5850bceccd19,2013
,CWE-79,,,dokuwiki,php,d1ed0b61f4795d01c2d9675949d2aad4568bc0c7,2006
,CWE-401,,,curl,c,d20def20462e7eed5cb8a078c9e09599307346d3,2013
CVE-2016-10168,CWE-190,6.8,MEDIUM,php-src,c,d2274b01cbbadf5516b3ea87ad76fbae18834007,2016
,,,,WordPress,php,d3100d05cb6e4a3183117ccc901d6119cb0236cc,2004
,,,,MISP,php,d319860268e1d31dee0b8d590cde746aca71ae78,2012
CVE-2014-8958,CWE-79,4.3,MEDIUM,phpmyadmin,php,d32da348c4de2379482a48661ce968a55eebe5c4,2014
CVE-2011-3646,CWE-20,5.0,MEDIUM,phpmyadmin,php,d35cba980893aa6e6455fd6e6f14f3e3f1204c52,2011
CVE-2015-1787,CWE-20,2.6,LOW,openssl,c,d3cc5e610d1719a35cda52c9152134b490a8c944,2015
,CWE-94,,,phpmyadmin,php,d3fafdfba0807068196655e9b6d16c5d1d3ccf8a,2013
,CWE-401,,,realm-cocoa,mm,d4184aa26cfa4e99b6e36502aee7f685e122facc,2014
,CWE-402,,,antlr4,java,d4f2abc5e3def63190c7ab124c5a70dba9e70661,2013
,CWE-401,,,MagicalRecord,m,d56b7ecd5fd9fe4fd1e2efbae616cda4562a7a01,2010
,CWE-401,,,cakephp,php,d5bde3fe7a5a66044d4778ccffed0254e2fc87d8,2010
CVE-2016-4537,CWE-20,7.5,HIGH,php-src,c,d650063a0457aec56364e4005a636dc6c401f9cd,2016
,CWE-401,,,rubinius,c,d66250e74e26d0b46e0330034b4967ce6e18fe70,2007
,CWE-928,,,pinpoint,config_files,d68184cf5c29ffbe76b1fa2b1bce30ec18e85b87,2016
,CWE-22,,,cakephp,php,d685c1872046262c9180de23a74516c231bad203,2009
,CWE-79,,,vanilla,php,d6b92bbcfa01f3aa2de75e348ce43db622b20a28,2013
,CWE-79,,,core,php,d71c4db10aad0b1684087c745dcd10560351efb2,2012
,CWE-416,,,php-src,c,d735957cb5f8fee8d13ae68cf75300306c84374f,2015
,CWE-78,,,Codiad,php,d76cf0f8627126b2f68f0d78e60d6edc58bac2ee,2015
CVE-2012-3465,CWE-79,4.3,MEDIUM,rails,rb,d8cf713afabbd0c3cf8d6674b2d1a7f7c2a0e98c,2012
,CWE-401,,,GPUImage,m,d8f8a98fd4c291add6e577857ccb5079934530a4,2012
CVE-2013-0155,CWE-264,6.4,MEDIUM,rails,rb,d99e8c9e1618f509bb35f052d4bd0d1848bce771,2013
,CWE-1021,,,mantisbt,php,d9db796f8973696bb606dc03ce42857f6d160d78,2010
,CWE-79,,,dokuwiki,php,d9e0d8dc6f6c9b9f18ce2e33041ae4fc23f77a4e,2010
,CWE-79,,,erpnext,py,da79740cdfe4dd73e5ef3840ba45ad2c8df2cb78,2015
,CWE-78,,,Codiad,php,dad3f56b0c5ccf02370fd4d9885b3ac4ace7504a,2015
,,,,kanboard,php,db88a00d48d1dce48b8700e460c06ff7fb344f0a,2015
CVE-2013-1856,CWE-20,5.8,MEDIUM,rails,rb,db8b636e50ee8a138f48117e8e8ad057cc7527a4,2013
,CWE-404,,,freebsd,c,dbac0019b9eacd7690c1aa304b60f55017b56139,2016
,,,,nova,py,dc8de426066969a3f0624fdc2a7b29371a2d55bf,2014
,CWE-401,,,zxing,m,dc8f256848b4863dc633cfab0929927ef06d549d,2010
CVE-2016-4539,CWE-119,7.5,HIGH,php-src,c,dccda88f27a084bcbbb30198ace12b4e7ae961cc,2016
,CWE-384,,,php-src,c,dcf67c4433bfe4177595be7c5ae68ae4c308e835,2002
,CWE-74,,,joomla-cms,php,de79fbb8d15c30e2433a4303c7e93d3687980ccd,2006
,CWE-404,,,finagle,scala,def012a74fa0da4cc6eb8c5f51d34ce500858fd2,2016
CVE-2015-8629,CWE-200,2.1,LOW,krb5,c,df17a1224a3406f57477bcd372c61e04c0e5a5bb,2015
,CWE-89,,,cakephp,php,df5c02aa8fe8220e432fe72a3bff1e09a2239f85,2007
,CWE-401,,,SDWebImage,m,dfa03af19f38c74160fc9d5abbcf2d20d1de1f18,2012
,CWE-22,,,moodle,php,e101802eb5e6bfdf3e49738b13b6725348a93c99,2004
CVE-2013-1857,CWE-79,4.3,MEDIUM,rails,rb,e115ace02a88290d2fc707b4979f23728c300950,2013
,CWE-401,,,realm-cocoa,mm,e20ecff78ffe34cbfb5d6fcfcf334deef82803d3,2013
CVE-2016-6304,CWE-399,7.8,HIGH,openssl,c,e408c09bbf7c3057bda4b8d20bec1b3a7771c15b,2016
,CWE-416,,,php-src,c,e41f600365fe9f27727a62a850a4d55416ae856f,2015
,CWE-352,,,cakephp,php,e421b3bc8fe35747c42f9ab1e765acfcb13099d3,2011
CVE-2010-4335,CWE-20,7.5,HIGH,cakephp,php,e431e86aa4301ced4273dc7919b59362cbb353cb,2010
CVE-2013-4263,CWE-119,7.5,HIGH,FFmpeg,c,e43a0a232dbf6d3c161823c2e07c52e76227a1bc,2013
,CWE-79,,,graylog2-server,rb,e572b56aa6c45a4a3f1d26fbed9e11dcbe3b58cc,2012
,CWE-352,,,php-mpos,php,e5c97201741671a45bae2334eec49739c7495f59,2014
,,,,edx-platform,py,e5ca9618ea5ae9f2fc11ea5a8c9f479b1430d84c,2012
,,,,openssl,c,e5cb2603652b868225adc1db3db531a07c13b562,2001
,CWE-401,,,curl,c,e5d8693865b44ecfbafbe15a7850d6e8dbb051e9,2007
MDL-15184,CWE-89,,,moodle,php,e5e02e46861f9c1b88782cb1ef8737253412be33,2008
,CWE-401,,,rails,rb,e63be2769c039e4e9ada523a8497ce3206cc8a9b,2014
MDLSITE-1007 ,,,,moodle,php,e65ce4c1d028b8aba0dcda6b8dee9d0692a0a6fb,2010
CVE-2015-0286,CWE-17,5.0,MEDIUM,openssl,c,e677e8d13595f7b3287f8feef7676feb301b0e8a,2015
CVE-2010-3870,CWE-20,6.8,MEDIUM,php-src,c,e69b1ff2c43fbfd672097e9f8b25dead81f34ccf,2010
SECOAUTH-36,,,Minor,spring-security-oauth,java,e703d747af332746895a02f75045c68255395c5c,2011
,CWE-79,,,MISP,php,e74aabf924db998dccdd444109263a38caf6f39a,2013
CVE-2017-7309,CWE-79,3.5,LOW,mantisbt,php,e881dd79df422033bbea88914fc0a717fae40358,2017
CVE-2014-2238,CWE-89,6.5,MEDIUM,mantisbt,php,e8bdd248213d2de9cfe1f9bd4bd9dc12b2f5fc73,2014
CVE-2016-6302,CWE-20,5.0,MEDIUM,openssl,c,e97763c92c655dcf4af2860b3abd2bc4c8a267f9,2016
,CWE-401,,,rubinius,cpp,e9e2c98091069ebf5d82c0fe2430c8266eadbe0d,2013
,CWE-404,,,linux,c,ea8ee240251cbac73b66d70d35eeabfbff86d3ce,2008
,CWE-384,,,rails,rb,eb5033ad6b4a12a32e1493fb5b9aeee9eb75f10e,2007
,CWE-401,,,google-authenticator,c,eb7748cded7b14b907b7ebdec0581b6bb1e7e77e,2012
,CWE-79,,,dokuwiki,php,ebbef3b12bf9150995d42ebb1bb170b38169b443,2008
CVE-2008-3790,CWE-20,5.0,MEDIUM,rails,rb,ebfa43c423ac16bb699424d8d3db11855dd79a91,2008
,,,,server,php,ec1596054f9c9da9aae958b02e441185bd1b9f79,2014
,CWE-79,,,WordPress,php,ec1ca2236fc693ada675688d7e9ae19bd7d7a49f,2009
CVE-2017-7241,CWE-79,3.5,LOW,mantisbt,php,ecef0e9b523a460709e8feedfce72f05bb30b992,2017
,CWE-843,,,php-src,c,ed7d4977bb0e99153c67d2873488b8f572627c8a,2015
,CWE-94,,,osv,py,ed989d43b3198d80d75f442030070413cdfb5aaa,2014
,CWE-22,,,sinatra,rb,ed98aed36f448f6521b404991aee41161c6756e2,2009
CVE-2010-3070,CWE-79,4.3,MEDIUM,mantisbt,php,edb817991b99cd5538f102be26865fde7c6b7212,2010
CVE-2016-2105,CWE-189,5.0,MEDIUM,openssl,c,ee1e3cac2e83abc77bcc8ff98729ca1e10fcc920,2016
,CWE-74,,,pfsense,php,ee3de7b191e3735b2d03a932809ed37e22e03177,2015
,CWE-352,,,phpmyadmin,php,ee92eb9bab8e2d546756c1d4aec81ec7c8e44b83,2015
CVE-2016-5703,CWE-89,7.5,HIGH,phpmyadmin,php,ef6c66dca1b0cb0a1a482477938cfc859d2baee3,2016
,CWE-79,,,rails,rb,eede82ccb980d9d1c67cddc6972a7125ddab1949,2007
,,,,mantisbt,php,f017e817762b3348d8c36f17324f07a62393656f,2010
CVE-2015-6834,NVD-CWE-Other,7.5,HIGH,php-src,c,f06a069c462d37c2e009f6d1d93b8c8e7b713393,2015
,CWE-79,,,edx-platform,html,f0e7dcd346f1b17505897bbe7b20365c88f51757,2016
,,,,pfsense,inc,f17f9f2891b459e3f119ced5857469b96c57dde9,2010
CVE-2016-10167,CWE-20,4.3,MEDIUM,php-src,c,f1b2afc9d9e77edf41804f5dfc4e2069d8a12975,2016
,CWE-402,,,fresco,java,f1e1f24de3d65aa06d51f7dde92651a3cb29ed76,2017
MDL-23872,CWE-74,,Serious,moodle,php,f1f70bd4dde6cd1ea4bdb8ab28fa3d36a53b89d8,2011
,CWE-121,,,deeplearning4j,java,f202f07bc5104a324e3217126db2261bd8c2f72e,2014
CVE-2013-0249,CWE-119,7.5,HIGH,curl,c,f206d6c055d1008f0edb6d5d5920f0f300b9983a,2013
CVE-2017-7620,CWE-352,4.3,MEDIUM,mantisbt,php,f21b56fa9060dbae9438b0d0dfb21dff090c1dd2,2017
,CWE-79,,,dokuwiki,php,f23f95941a400702f525923973f3612df6da82cb,2015
,CWE-402,,,jersey,java,f2460a046b8d94f1140d6444a8dca494360310b4,2014
LMS-532,CWE-74,,,edx-platform,py,f351b05031dfeda252518ea66f6e007884aa433d,2013
CVE-2013-7023,CWE-119,6.8,MEDIUM,FFmpeg,c,f31011e9abfb2ae75bb32bc44e2c34194c8dc40a,2013
,,,,WordPress,php,f359dab72ea6c3666ba5df592d1efbb0afb5b13d,2007
CVE-2013-0197,CWE-79,4.3,MEDIUM,mantisbt,php,f5ac454eb63fde102347a021a2af0c535033d572,2013
CVE-2016-2179,CWE-399,5.0,MEDIUM,openssl,c,f5c7f5dfbaf0d2f7d946d0fe86f08e6bcb36ed0d,2016
,CWE-401,,,nu,m,f5ec423ec2090983f550575e76c51be4f8d1385f,2008
,CWE-352,,,cakephp,php,f5ed91137aa3d288d554f37b97423de2c7fea088,2010
,CWE-74,,,joomla-cms,php,f625ffbf83d7a9c5093b93b2e946a07129b4091a,2006
,CWE-98,,,phpmyadmin,php,f63e1bb42a37401b2fdfcd2e66cce92b7ea2025c,2011
CVE-2017-7620,CWE-352,4.3,MEDIUM,mantisbt,php,f66440902877103f312905257dbccdad02ab5a3b,2017
,,,,core,php,f6e61a296f67f71a1c6d5d5bf8d7e891cd708b43,2015
CVE-2015-5714,CWE-79,4.3,MEDIUM,WordPress,php,f72b21af23da6b6d54208e5c1d65ececdaa109c8,2015
CVE-2014-8553,CWE-200,5.0,MEDIUM,mantisbt,php,f779e3d4394a0638d822849863c4098421d911c5,2014
,CWE-401,,,zxing,cpp,f7392b3ffebd6c281e543914057b85922757f3d5,2010
,CWE-401,,,AFNetworking,m,f801bc453c8c74d7cd92482a67b66537e72b4835,2011
,CWE-208,,,vanilla,php,f8b4d1fab5e69a960a2a56c9817aab9bb5b46b66,2011
,CWE-208,,,WordPress,php,f8e7680cd61652b16d30948968adafe0d4dcdd54,2016
,CWE-401,,,rails,rb,f92d6a07d0d01226fb80c82608d332843c01f2d6,2006
CVE-2016-7053,CWE-476,5.0,MEDIUM,openssl,c,f962541d0be200055e508641ddf3a8ec8819e4df,2016
CVE-2014-0076,CWE-310,1.9,LOW,openssl,c,f9b6c0ba4c02497782f801e3c45688f3efaac55c,2014
CVE-2012-4929,CWE-310,2.6,LOW,curl,c,fa1ae0abcde5df8d0b3283299e3f246bedf7692c,2012
,CWE-22,,,ICEcoder,php,fa48d0d2f059fb8921e895b9e20e79de3c726154,2014
,CWE-401,,,rails,rb,fad83d8cbbbd0862a758a1c09c7dcc6f74a25d60,2012
CVE-2015-2305,CWE-189,6.8,MEDIUM,php-src,c,fb04dcf6dbb48aecd8d2dc986806cb58c8ae5282,2015
,CWE-404,,,linux,c,fc878efe84c342441706fcdf776e08fe455fe9c1,2016
CVE-2016-5424,CWE-94,4.6,MEDIUM,postgres,c,fcd15f13581f6d75c63d213220d5a94889206c1b,2016
,CWE-22,,,cakephp,php,fcec8ef537e61573b9dfe43d2742c56b40473aaf,2014
,CWE-667,,,osv,c,fd905d5cf9139bac289fdd9551c56ca538f57f6f,2014
CVE-2016-4540,NVD-CWE-Other,7.5,HIGH,php-src,c,fd9689745c44341b1bd6af4756f324be8abba2fb,2016
,,,,nova,py,fdb73a2d445971c6158a80692c6f74094fd4193a,2015
CVE-2012-1836,CWE-119,7.5,HIGH,inspircd,cpp,fe7dbd2c104c37f6f3af7d9f1646a3c332aea4a4,2012
CVE-2012-3424,CWE-287,5.0,MEDIUM,rails,rb,fee0bc57385b564b2789d199969ac26409603188,2012
,CWE-352,,,osTicket,php,ff1d8b9e599a1ec315a9c34c279ba3645218c766,2012
CASSANDRA-4820,CWE-403,,,cassandra,java,ffbcb4b11b40c52253b02098ca0225b9cf426cd2,2012
